{
  "generated": "2026-06-16",
  "model_b_c": "BAAI/bge-m3",
  "correctness": {
    "max_chunk_tokens": 2070,
    "b_truncated": 0,
    "max_window_tokens": 403,
    "total_windows": 339,
    "n_chunks": 82,
    "avg_windows": 4.1,
    "smoke_b_pass": true,
    "smoke_b_msg": "query='Canceling Billing Documents in SAP SD' -> rank-1=billing-billing-document-cancellation-001 (expected billing-billing-document-cancellation-001)",
    "smoke_c_pass": true,
    "smoke_c_msg": "query='Canceling Billing Documents in SAP SD' -> rank-1=billing-billing-document-cancellation-001 (expected billing-billing-document-cancellation-001)"
  },
  "lex_mismatch": [],
  "aggregate": {
    "A": {
      "recall": {
        "1": 0.6268656716417911,
        "3": 0.8134328358208955,
        "5": 0.9029850746268657,
        "10": 0.9477611940298507
      },
      "mrr": 0.7436122956645345,
      "n": 134
    },
    "B": {
      "recall": {
        "1": 0.753731343283582,
        "3": 0.8805970149253731,
        "5": 0.9253731343283582,
        "10": 0.9626865671641791
      },
      "mrr": 0.8234748874674248,
      "n": 134
    },
    "C": {
      "recall": {
        "1": 0.7835820895522388,
        "3": 0.8955223880597015,
        "5": 0.917910447761194,
        "10": 0.9626865671641791
      },
      "mrr": 0.8446250888415069,
      "n": 134
    }
  },
  "by_doc": {
    "S4600": {
      "A": {
        "recall": {
          "1": 0.5714285714285714,
          "3": 0.8095238095238095,
          "5": 0.8571428571428571,
          "10": 0.9523809523809523
        },
        "mrr": 0.7182539682539683
      },
      "B": {
        "recall": {
          "1": 0.7142857142857143,
          "3": 0.8571428571428571,
          "5": 0.8571428571428571,
          "10": 0.9523809523809523
        },
        "mrr": 0.7910052910052909
      },
      "C": {
        "recall": {
          "1": 0.7619047619047619,
          "3": 0.9523809523809523,
          "5": 0.9523809523809523,
          "10": 1.0
        },
        "mrr": 0.8560090702947845
      },
      "n": 21
    },
    "S4605": {
      "A": {
        "recall": {
          "1": 0.6129032258064516,
          "3": 0.8064516129032258,
          "5": 0.9354838709677419,
          "10": 0.967741935483871
        },
        "mrr": 0.7473118279569892
      },
      "B": {
        "recall": {
          "1": 0.8709677419354839,
          "3": 0.9354838709677419,
          "5": 1.0,
          "10": 1.0
        },
        "mrr": 0.906989247311828
      },
      "C": {
        "recall": {
          "1": 0.8709677419354839,
          "3": 0.9354838709677419,
          "5": 0.9354838709677419,
          "10": 1.0
        },
        "mrr": 0.9064900153609831
      },
      "n": 31
    },
    "S4610": {
      "A": {
        "recall": {
          "1": 0.6153846153846154,
          "3": 0.7692307692307693,
          "5": 0.9230769230769231,
          "10": 0.9230769230769231
        },
        "mrr": 0.7269230769230769
      },
      "B": {
        "recall": {
          "1": 0.6923076923076923,
          "3": 0.8461538461538461,
          "5": 0.9230769230769231,
          "10": 0.9615384615384616
        },
        "mrr": 0.7865384615384615
      },
      "C": {
        "recall": {
          "1": 0.7307692307692307,
          "3": 0.8846153846153846,
          "5": 0.9230769230769231,
          "10": 0.9615384615384616
        },
        "mrr": 0.8144688644688645
      },
      "n": 26
    },
    "S4615": {
      "A": {
        "recall": {
          "1": 0.7,
          "3": 0.8,
          "5": 0.8333333333333334,
          "10": 0.9
        },
        "mrr": 0.7617063492063492
      },
      "B": {
        "recall": {
          "1": 0.6666666666666666,
          "3": 0.8333333333333334,
          "5": 0.8666666666666667,
          "10": 0.9333333333333333
        },
        "mrr": 0.7489285714285714
      },
      "C": {
        "recall": {
          "1": 0.7333333333333333,
          "3": 0.7666666666666667,
          "5": 0.8,
          "10": 0.8666666666666667
        },
        "mrr": 0.766984126984127
      },
      "n": 30
    },
    "S4620": {
      "A": {
        "recall": {
          "1": 0.6153846153846154,
          "3": 0.8846153846153846,
          "5": 0.9615384615384616,
          "10": 1.0
        },
        "mrr": 0.7554945054945055
      },
      "B": {
        "recall": {
          "1": 0.8076923076923077,
          "3": 0.9230769230769231,
          "5": 0.9615384615384616,
          "10": 0.9615384615384616
        },
        "mrr": 0.8730769230769231
      },
      "C": {
        "recall": {
          "1": 0.8076923076923077,
          "3": 0.9615384615384616,
          "5": 1.0,
          "10": 1.0
        },
        "mrr": 0.8814102564102565
      },
      "n": 26
    }
  },
  "by_type": {
    "concept": {
      "A": {
        "n": 52,
        "recall_1": 0.6730769230769231,
        "recall_5": 0.8846153846153846,
        "mrr": 0.7612408424908426
      },
      "B": {
        "n": 52,
        "recall_1": 0.6923076923076923,
        "recall_5": 0.8846153846153846,
        "mrr": 0.7704059829059831
      },
      "C": {
        "n": 52,
        "recall_1": 0.7307692307692307,
        "recall_5": 0.9038461538461539,
        "mrr": 0.8092948717948717
      }
    },
    "configuration": {
      "A": {
        "n": 44,
        "recall_1": 0.5909090909090909,
        "recall_5": 0.9318181818181818,
        "mrr": 0.7178030303030303
      },
      "B": {
        "n": 44,
        "recall_1": 0.7727272727272727,
        "recall_5": 0.9318181818181818,
        "mrr": 0.8458603896103896
      },
      "C": {
        "n": 44,
        "recall_1": 0.7727272727272727,
        "recall_5": 0.9090909090909091,
        "mrr": 0.835849567099567
      }
    },
    "process": {
      "A": {
        "n": 38,
        "recall_1": 0.6052631578947368,
        "recall_5": 0.8947368421052632,
        "mrr": 0.7493734335839598
      },
      "B": {
        "n": 38,
        "recall_1": 0.8157894736842105,
        "recall_5": 0.9736842105263158,
        "mrr": 0.8701754385964912
      },
      "C": {
        "n": 38,
        "recall_1": 0.868421052631579,
        "recall_5": 0.9473684210526315,
        "mrr": 0.9031328320802006
      }
    }
  },
  "diff_b_vs_c": {
    "both_hit": 93,
    "c_fixed": 12,
    "b_regression": 8,
    "both_miss": 21
  }
}