{
  "generated": "2026-06-16",
  "model_B_C": "BAAI/bge-m3",
  "total_lesson_queries": 82,
  "results_by_src": {
    "S4600": {
      "A": {
        "mappable": 15,
        "not_mappable": 11,
        "global": {
          "recall": {
            "1": 0.5333333333333333,
            "3": 1.0,
            "5": 1.0,
            "10": 1.0
          },
          "mrr": 0.7444444444444444
        },
        "by_type": {
          "concept": {
            "count": 5,
            "recall": {
              "1": 0.8,
              "3": 1.0,
              "5": 1.0,
              "10": 1.0
            },
            "mrr": 0.8666666666666666
          },
          "process": {
            "count": 10,
            "recall": {
              "1": 0.4,
              "3": 1.0,
              "5": 1.0,
              "10": 1.0
            },
            "mrr": 0.6833333333333333
          }
        }
      },
      "B": {
        "mappable": 15,
        "not_mappable": 11,
        "global": {
          "recall": {
            "1": 0.7333333333333333,
            "3": 1.0,
            "5": 1.0,
            "10": 1.0
          },
          "mrr": 0.8444444444444444
        },
        "by_type": {
          "concept": {
            "count": 5,
            "recall": {
              "1": 1.0,
              "3": 1.0,
              "5": 1.0,
              "10": 1.0
            },
            "mrr": 1.0
          },
          "process": {
            "count": 10,
            "recall": {
              "1": 0.6,
              "3": 1.0,
              "5": 1.0,
              "10": 1.0
            },
            "mrr": 0.7666666666666667
          }
        }
      },
      "C": {
        "mappable": 15,
        "not_mappable": 11,
        "global": {
          "recall": {
            "1": 0.8666666666666667,
            "3": 0.9333333333333333,
            "5": 1.0,
            "10": 1.0
          },
          "mrr": 0.9055555555555556
        },
        "by_type": {
          "concept": {
            "count": 5,
            "recall": {
              "1": 1.0,
              "3": 1.0,
              "5": 1.0,
              "10": 1.0
            },
            "mrr": 1.0
          },
          "process": {
            "count": 10,
            "recall": {
              "1": 0.8,
              "3": 0.9,
              "5": 1.0,
              "10": 1.0
            },
            "mrr": 0.8583333333333334
          }
        }
      }
    },
    "S4605": {
      "A": {
        "mappable": 18,
        "not_mappable": 0,
        "global": {
          "recall": {
            "1": 0.6666666666666666,
            "3": 0.7777777777777778,
            "5": 0.8888888888888888,
            "10": 1.0
          },
          "mrr": 0.7541666666666667
        },
        "by_type": {
          "concept": {
            "count": 4,
            "recall": {
              "1": 0.75,
              "3": 1.0,
              "5": 1.0,
              "10": 1.0
            },
            "mrr": 0.8333333333333334
          },
          "process": {
            "count": 6,
            "recall": {
              "1": 0.3333333333333333,
              "3": 0.3333333333333333,
              "5": 0.6666666666666666,
              "10": 1.0
            },
            "mrr": 0.45694444444444443
          },
          "configuration": {
            "count": 8,
            "recall": {
              "1": 0.875,
              "3": 1.0,
              "5": 1.0,
              "10": 1.0
            },
            "mrr": 0.9375
          }
        }
      },
      "B": {
        "mappable": 18,
        "not_mappable": 0,
        "global": {
          "recall": {
            "1": 0.8333333333333334,
            "3": 0.9444444444444444,
            "5": 0.9444444444444444,
            "10": 1.0
          },
          "mrr": 0.8851851851851852
        },
        "by_type": {
          "concept": {
            "count": 4,
            "recall": {
              "1": 0.75,
              "3": 1.0,
              "5": 1.0,
              "10": 1.0
            },
            "mrr": 0.8333333333333334
          },
          "process": {
            "count": 6,
            "recall": {
              "1": 0.6666666666666666,
              "3": 0.8333333333333334,
              "5": 0.8333333333333334,
              "10": 1.0
            },
            "mrr": 0.7666666666666666
          },
          "configuration": {
            "count": 8,
            "recall": {
              "1": 1.0,
              "3": 1.0,
              "5": 1.0,
              "10": 1.0
            },
            "mrr": 1.0
          }
        }
      },
      "C": {
        "mappable": 18,
        "not_mappable": 0,
        "global": {
          "recall": {
            "1": 0.8888888888888888,
            "3": 0.8888888888888888,
            "5": 0.8888888888888888,
            "10": 0.9444444444444444
          },
          "mrr": 0.8981481481481483
        },
        "by_type": {
          "concept": {
            "count": 4,
            "recall": {
              "1": 0.75,
              "3": 0.75,
              "5": 0.75,
              "10": 1.0
            },
            "mrr": 0.7916666666666666
          },
          "process": {
            "count": 6,
            "recall": {
              "1": 0.8333333333333334,
              "3": 0.8333333333333334,
              "5": 0.8333333333333334,
              "10": 0.8333333333333334
            },
            "mrr": 0.8333333333333334
          },
          "configuration": {
            "count": 8,
            "recall": {
              "1": 1.0,
              "3": 1.0,
              "5": 1.0,
              "10": 1.0
            },
            "mrr": 1.0
          }
        }
      }
    },
    "S4610": {
      "A": {
        "mappable": 11,
        "not_mappable": 0,
        "global": {
          "recall": {
            "1": 0.45454545454545453,
            "3": 0.7272727272727273,
            "5": 0.9090909090909091,
            "10": 0.9090909090909091
          },
          "mrr": 0.6166666666666667
        },
        "by_type": {
          "concept": {
            "count": 4,
            "recall": {
              "1": 0.25,
              "3": 0.75,
              "5": 0.75,
              "10": 0.75
            },
            "mrr": 0.4583333333333333
          },
          "configuration": {
            "count": 3,
            "recall": {
              "1": 0.6666666666666666,
              "3": 0.6666666666666666,
              "5": 1.0,
              "10": 1.0
            },
            "mrr": 0.7333333333333334
          },
          "process": {
            "count": 4,
            "recall": {
              "1": 0.5,
              "3": 0.75,
              "5": 1.0,
              "10": 1.0
            },
            "mrr": 0.6875
          }
        }
      },
      "B": {
        "mappable": 11,
        "not_mappable": 0,
        "global": {
          "recall": {
            "1": 0.8181818181818182,
            "3": 0.9090909090909091,
            "5": 0.9090909090909091,
            "10": 0.9090909090909091
          },
          "mrr": 0.8636363636363636
        },
        "by_type": {
          "concept": {
            "count": 4,
            "recall": {
              "1": 0.75,
              "3": 0.75,
              "5": 0.75,
              "10": 0.75
            },
            "mrr": 0.75
          },
          "configuration": {
            "count": 3,
            "recall": {
              "1": 0.6666666666666666,
              "3": 1.0,
              "5": 1.0,
              "10": 1.0
            },
            "mrr": 0.8333333333333334
          },
          "process": {
            "count": 4,
            "recall": {
              "1": 1.0,
              "3": 1.0,
              "5": 1.0,
              "10": 1.0
            },
            "mrr": 1.0
          }
        }
      },
      "C": {
        "mappable": 11,
        "not_mappable": 0,