{
  "generated": "2026-06-16",
  "model": "BAAI/bge-small-en-v1.5",
  "truncated_chunks": 82,
  "docs": {
    "S4600": {
      "lexical": {
        "1": 0.5714285714285714,
        "3": 0.8095238095238095,
        "5": 0.8571428571428571,
        "10": 0.9523809523809523,
        "mrr": 0.7182539682539683
      },
      "semantic": {
        "1": 0.6190476190476191,
        "3": 0.7619047619047619,
        "5": 0.8095238095238095,
        "10": 0.9047619047619048,
        "mrr": 0.7091836734693877
      }
    },
    "S4605": {
      "lexical": {
        "1": 0.6129032258064516,
        "3": 0.8064516129032258,
        "5": 0.9354838709677419,
        "10": 0.967741935483871,
        "mrr": 0.7473118279569892
      },
      "semantic": {
        "1": 0.8709677419354839,
        "3": 0.9032258064516129,
        "5": 0.967741935483871,
        "10": 1.0,
        "mrr": 0.8999999999999999
      }
    },
    "S4610": {
      "lexical": {
        "1": 0.6153846153846154,
        "3": 0.7692307692307693,
        "5": 0.9230769230769231,
        "10": 0.9230769230769231,
        "mrr": 0.7269230769230769
      },
      "semantic": {
        "1": 0.7307692307692307,
        "3": 0.9615384615384616,
        "5": 0.9615384615384616,
        "10": 0.9615384615384616,
        "mrr": 0.8333333333333334
      }
    },
    "S4615": {
      "lexical": {
        "1": 0.7,
        "3": 0.8,
        "5": 0.8333333333333334,
        "10": 0.9,
        "mrr": 0.7617063492063492
      },
      "semantic": {
        "1": 0.7333333333333333,
        "3": 0.8,
        "5": 0.9333333333333333,
        "10": 0.9333333333333333,
        "mrr": 0.7966666666666666
      }
    },
    "S4620": {
      "lexical": {
        "1": 0.6153846153846154,
        "3": 0.8846153846153846,
        "5": 0.9615384615384616,
        "10": 1.0,
        "mrr": 0.7554945054945055
      },
      "semantic": {
        "1": 0.6538461538461539,
        "3": 0.8846153846153846,
        "5": 0.9615384615384616,
        "10": 0.9615384615384616,
        "mrr": 0.782051282051282
      }
    }
  }
}